Habitat,Environment,Tide,Replicate,Code,Activity,Number_bites,Substrate,nmax,,
Sand,Ambient,High,3,THAR,nat,NA,NA,1,,
Sand,Ambient,High,3,THAR,feed,1,Sand,1,,
Sand,Ambient,High,3,HTRI,nat,NA,NA,2,,
Sand,Ambient,High,3,HTRI,nat,NA,NA,2,,
Sand,Ambient,High,3,RACU,nat,NA,NA,2,,
Sand,Ambient,High,3,RACU,nat,NA,NA,2,,
Sand,Ambient,High,3,RACU,feed,1,Sand,2,,
Sand,Ambient,High,3,HTRI,nat,NA,NA,2,,
Sand,Ambient,High,3,RACU,nat,NA,NA,2,,
Sand,Ambient,High,3,RACU,feed,1,Sand,2,,
Sand,Ambient,High,3,HTRI,feed,2,Sand,2,,
Sand,Ambient,High,3,RACU,feed,2,Sand,2,,
Sand,Ambient,High,2,CCHL,nat,NA,NA,1,,
Sand,Ambient,High,2,CCHL,feed,2,Sand,1,,
Sand,Ambient,High,2,GANJ,nat,NA,NA,1,,
Sand,Ambient,High,2,MFLA,nat,NA,NA,1,,
Sand,Ambient,High,2,MFLA,feed,2,Sand,1,,
Sand,Ambient,High,2,GANJ,feed,2,Sand,1,,
Sand,Ambient,Low,2,CCHL,nat,NA,NA,1,,
Sand,Ambient,Low,2,GANJ,nat,NA,NA,1,,
Sand,Ambient,Low,2,ATRI,nat,NA,NA,1,,
Sand,Ambient,Low,2,CCHL,feed,1,Sand,1,,
Sand,Ambient,Low,2,RACU,nat,NA,NA,1,,
Sand,Ambient,Low,2,HLON,nat,NA,NA,1,,
Sand,Ambient,Low,2,GANJ,feed,5,Sand,1,,
Sand,Ambient,Low,3,RACU,nat,NA,NA,1,,
Sand,Ambient,Low,3,RACU,feed,8,Sand,1,,
Sand,Ambient,Low,3,ATRI,nat,NA,NA,3,,
Sand,Ambient,Low,3,ATRI,nat,NA,NA,3,,
Sand,Ambient,Low,3,ATRI,nat,NA,NA,3,,
Sand,Ambient,Low,3,CCHL,nat,NA,NA,1,,
Reef,Ambient,High,3,CLUN,nat,NA,NA,2,,
Reef,Ambient,High,3,CLUN,feed,1,plankton,1,,
Reef,Ambient,High,3,ACNI,nat,NA,NA,1,,
Reef,Ambient,High,3,AMEL,nat,NA,NA,2,,
Reef,Ambient,High,3,AMEL,feed,7,coral,2,,
Reef,Ambient,High,3,AMEL,nat,NA,NA,2,,
Reef,Ambient,High,3,GVAR,feed,3,coral,1,,
Reef,Ambient,High,3,GVAR,nat,NA,NA,1,,
Reef,Ambient,High,3,THAR,nat,NA,NA,1,,
Reef,Ambient,High,3,ACNI,feed,13,macroalgae,2,,
Reef,Ambient,High,3,ACNI,nat,NA,NA,2,,
Reef,Ambient,High,3,ASEX,nat,NA,NA,2,,
Reef,Ambient,High,3,CCIT,nat,NA,NA,2,,
Reef,Ambient,High,3,CCHL,nat,NA,NA,1,,
Reef,Ambient,High,3,RACU,nat,NA,NA,1,,
Reef,Ambient,High,3,RACU,feed,2,coral,1,,
Reef,Ambient,High,3,CHLU,nat,NA,NA,1,,
Reef,Ambient,High,3,SSPI,nat,NA,NA,1,,
Reef,Ambient,High,3,ACNI,nat,NA,NA,2,,
Reef,Ambient,High,3,ACNI,nat,NA,NA,2,,
Reef,Ambient,High,3,ZCOR,nat,NA,NA,4,,
Reef,Ambient,High,3,ZCOR,nat,NA,NA,4,,
Reef,Ambient,High,3,ZCOR,nat,NA,NA,4,,
Reef,Ambient,High,3,ZCOR,nat,NA,NA,4,,
Reef,Ambient,High,3,ZCOR,feed ,38,turf,5,,
Reef,Ambient,High,3,ZCOR,feed ,38,turf,5,,
Reef,Ambient,High,3,ZCOR,feed ,38,turf,5,,
Reef,Ambient,High,3,ZCOR,feed ,38,turf,5,,
Reef,Ambient,High,3,CLUN,nat,NA,NA,2,,
Reef,Ambient,High,3,CFLA,nat,NA,NA,1,,
Reef,Ambient,High,3,ACNI,nat,NA,NA,2,,
Reef,Ambient,High,3,ACNI,nat,NA,NA,2,,
Reef,Ambient,High,3,CCHL,feed,4,turf,1,,
Reef,Ambient,High,3,ACNI,nat,NA,NA,2,,
Reef,Ambient,High,3,ACNI,feed,1,macroalgae,2,,
Reef,Ambient,High,3,CAUR,nat,NA,NA,1,,
Reef,Ambient,High,3,CCHL,nat,NA,NA,1,,
Reef,Ambient,High,3,ZCOR,nat,NA,NA,5,,
Reef,Ambient,High,3,CLUN,nat,NA,NA,2,,
Reef,Ambient,High,3,CLUN,nat,NA,NA,2,,
Reef,Ambient,High,3,GVAR,nat,NA,NA,1,,
Reef,Ambient,High,3,CCIT,nat,NA,NA,2,,
Reef,Ambient,High,3,CCIT,nat,NA,NA,2,,
Reef,Ambient,High,3,CEPH,nat,NA,NA,1,,
Reef,Ambient,High,3,OCUB,nat,NA,NA,1,,
Reef,Ambient,High,3,SNIG,nat,NA,NA,4,,
Reef,Ambient,High,3,SNIG,feed,8,turf,4,,
Reef,Ambient,High,3,SNIG,feed,7,turf,4,,
Reef,Ambient,High,3,CSPI,nat,NA,NA,1,,
Reef,Ambient,High,3,HLON,nat,NA,NA,1,,
Reef,Ambient,Low,3,HTRI,nat,NA,NA,2,,
Reef,Ambient,Low,3,HLON,nat,NA,NA,2,,
Reef,Ambient,Low,3,HLON,feed,3,coral,2,,
Reef,Ambient,Low,3,HHOR,nat,NA,NA,1,,
Reef,Ambient,Low,3,HLON,feed,3,coral,2,,
Reef,Ambient,Low,3,ZCOR,nat,NA,NA,2,,
Reef,Ambient,Low,3,CFLA,nat,NA,NA,2,,
Reef,Ambient,Low,3,CFLA,feed,2,turf,2,,
Reef,Ambient,Low,3,ZCOR,nat,NA,NA,2,,
Reef,Ambient,Low,3,HLON,nat,NA,NA,1,,
Reef,Ambient,Low,3,ZCOR,nat,NA,NA,2,,
Reef,Ambient,Low,3,CEPH,nat,NA,NA,2,,
Reef,Ambient,Low,3,CEPH,nat,NA,NA,2,,
Reef,Ambient,Low,3,ZCOR,feed,2,turf,2,,
Reef,Ambient,Low,3,CINE,nat,NA,NA,1,,
Reef,Ambient,Low,3,CCHL ,nat,NA,NA,1,,
Reef,Ambient,Low,3,GVAR,nat,NA,NA,1,,
Reef,Ambient,Low,3,GVAR,feed,7,coral,1,,
Reef,Ambient,Low,3,SPSI,nat,NA,NA,1,,
Reef,Ambient,Low,3,THAR,nat,NA,NA,1,,
Reef,Ambient,Low,3,THAR,feed,3,plankton,1,,
Reef,Ambient,Low,3,CCIT,nat,NA,NA,2,,
Reef,Ambient,Low,3,CCIT,nat,NA,NA,2,,
Reef,Ambient,Low,3,GVAR,nat,NA,NA,1,,
Reef,Ambient,Low,3,GVAR,feed,1,plankton,1,,
Reef,Ambient,Low,3,CCHL,nat,NA,NA,1,,
Reef,Ambient,Low,3,CCHL,feed,3,turf,1,,
Reef,Ambient,Low,3,RACU,nat,NA,NA,1,,
Reef,Ambient,Low,3,ASEX,nat,NA,NA,1,,
Reef,Ambient,Low,3,CFLA,nat,NA,NA,2,,
Reef,Ambient,Low,3,CFLA,nat,NA,NA,2,,
Reef,Ambient,Low,3,CFLA,feed,3,coral,2,,
Reef,Ambient,Low,3,CFLA,feed,4,coral,2,,
Reef,Ambient,Low,3,HTRI,nat,NA,NA,1,,
Reef,Ambient,Low,3,CAUR,nat,NA,NA,2,,
Reef,Ambient,Low,3,CAUR,nat,NA,NA,2,,
Reef,Ambient,Low,3,BUND,nat,NA,NA,1,,
Reef,Ambient,Low,3,ACNI,nat,NA,NA,1,,
Reef,Ambient,Low,3,HTRI,nat,NA,NA,1,,
Reef,Ambient,Low,3,BUND,nat,NA,NA,1,,
Reef,Ambient,Low,3,AMEL,nat,NA,NA,1,,
Reef,Ambient,Low,3,AMEL,feed,1,coral,1,,
Reef,Ambient,Low,3,SNIG,nat,NA,NA,7,,
Reef,Ambient,Low,3,SNIG,nat,NA,NA,7,,
Reef,Ambient,Low,3,SNIG,nat,NA,NA,7,,
Reef,Ambient,Low,3,SNIG,nat,NA,NA,7,,
Reef,Ambient,Low,3,SNIG,nat,NA,NA,7,,
Reef,Ambient,Low,3,SNIG,nat,NA,NA,7,,
Reef,Ambient,Low,3,SNIG,nat,NA,NA,7,,
Reef,Ambient,Low,3,SNIG,feed,11,turf,7,,
Reef,Ambient,Low,3,SNIG,feed,9,macroalgae,7,,
Reef,Ambient,Low,3,SNIG,feed,5,plankton,7,,
Reef,Ambient,Low,3,SNIG,feed,12,turf,7,,
Reef,Ambient,Low,3,SNIG,feed,7,macroalgae,7,,
Reef,Ambient,Low,3,SNIG,feed,7,macroalgae,7,,
Reef,Ambient,Low,3,SNIG,feed,9,turf,7,,
Reef,Ambient,Low,3,SNIG,feed,5,macroalgae,7,,
Reef,Ambient,Low,3,SNIG,feed,7,macroalgae,7,,
Reef,Ambient,Low,3,SNIG,feed,9,turf,7,,
Reef,SGD,Low,1,EVAI,nat,NA,NA,1,,
Reef,SGD,Low,1,RACU,nat,NA,NA,1,,
Reef,SGD,Low,1,ANIG,nat,NA,NA,2,,
Reef,SGD,Low,1,BUND,nat,NA,NA,1,,
Reef,SGD,Low,1,ASEX,nat,NA,NA,1,,
Reef,SGD,Low,1,ASEX,feed,15,plankton,1,,
Reef,SGD,Low,1,GVAR,nat,NA,NA,1,,
Reef,SGD,Low,1,GVAR,feed,3,plankton,1,,
Reef,SGD,Low,1,CSPI,nat,NA,NA,1,,
Reef,SGD,Low,1,BUND,nat,NA,NA,1,,
Reef,SGD,Low,1,CFLA,nat,NA,NA,2,,
Reef,SGD,Low,1,CFLA,nat,NA,NA,2,,
Reef,SGD,Low,1,SSPI,nat,NA,NA,1,,
Reef,SGD,Low,1,MFLA,nat,NA,NA,1,,
Reef,SGD,Low,1,CCIT,nat,NA,NA,2,,
Reef,SGD,Low,1,CCIT,nat,NA,NA,2,,
Reef,SGD,Low,1,CCIT,feed,1,plankton,2,,
Reef,SGD,Low,1,CCIT,feed,22,coral,2,,
Reef,SGD,Low,1,CCIT,feed,20,coral,2,,
Reef,SGD,Low,1,ATRI,nat,NA,NA,1,,
Reef,SGD,Low,1,ANIG,nat,NA,NA,2,,
Reef,SGD,Low,1,THAR,nat,NA,NA,2,,
Reef,SGD,Low,1,THAR,feed,1,plankton,2,,
Reef,SGD,Low,1,THAR,feed,1,coral,2,,
Reef,SGD,Low,1,THAR,nat,NA,NA,2,,
Reef,SGD,Low,1,THAR,feed,1,plankton,2,,
Reef,SGD,Low,1,CAYG,nat,NA,NA,1,,
Reef,SGD,Low,1,CAYG,feed,1,plankton,1,,
Reef,SGD,Low,1,CSPI,nat,NA,NA,1,,
Reef,SGD,Low,1,CSPI,feed,4,plankton,1,,
Reef,SGD,Low,1,CFLA,nat,NA,NA,2,,
Reef,SGD,Low,1,CFLA,nat,NA,NA,2,,
Reef,SGD,Low,1,CFLA,feed,2,turf,2,,
Reef,SGD,Low,1,THAR,nat,NA,NA,2,,
Reef,SGD,Low,1,THAR,feed,1,plankton,2,,
Reef,SGD,Low,1,CSPI,nat,NA,NA,1,,
Reef,SGD,Low,1,CSPI,feed,1,plankton,1,,
Reef,SGD,Low,1,ATRI,nat,NA,NA,1,,
Reef,SGD,Low,1,CAUR,nat,NA,NA,2,,
Reef,SGD,Low,1,CAUR,nat,NA,NA,2,,
Reef,SGD,Low,1,ASEX,nat,NA,NA,3,,
Reef,SGD,Low,1,ASEX,nat,NA,NA,3,,
Reef,SGD,Low,1,ASEX,nat,NA,NA,3,,
Reef,SGD,Low,1,CVIR,nat,NA,NA,7,,
Reef,SGD,Low,1,CVIR,nat,NA,NA,7,,
Reef,SGD,Low,1,CVIR,nat,NA,NA,7,,
Reef,SGD,Low,1,CVIR,nat,NA,NA,7,,
Reef,SGD,Low,1,CVIR,nat,NA,NA,7,,
Reef,SGD,Low,1,CVIR,feed,207,plankton,7,,
Reef,SGD,Low,1,CVIR,feed,207,plankton,7,,
Reef,SGD,Low,1,CVIR,feed,207,plankton,7,,
Reef,SGD,Low,1,CVIR,feed,207,plankton,7,,
Reef,SGD,Low,1,CVIR,nat,NA,NA,7,,
Reef,SGD,Low,1,CVIR,nat,NA,NA,7,,
Reef,SGD,Low,1,CVIR,feed,207,plankton,7,,
Reef,SGD,Low,1,CVIR,nat,NA,NA,7,,
Reef,SGD,Low,1,CVIR,feed,207,plankton,7,,
Reef,SGD,Low,1,CVIR,feed,207,plankton,7,,
Reef,SGD,Low,1,PPAV,feed,23,plankton,1,,
Reef,SGD,Low,1,PPAV,nat,NA,NA,1,,
Reef,SGD,Low,1,SNIG,nat,NA,NA,3,,
Reef,SGD,Low,1,SNIG,nat,NA,NA,3,,
Reef,SGD,Low,1,SNIG,nat,NA,NA,3,,
Reef,SGD,Low,1,SNIG,feed,2,turf,3,,
Reef,SGD,Low,1,SNIG,feed,3,turf,3,,
Reef,SGD,Low,1,SNIG,feed,10,plankton,3,,
Reef,SGD,Low,1,SNIG,feed,2,plankton,3,,
Reef,SGD,Low,1,SNIG,feed,2,plankton,3,,
Reef,SGD,High,1,ANIG,nat,NA,NA,4,,
Reef,SGD,High,1,ANIG,feed,9,plankton,4,,
Reef,SGD,High,1,ASEX,feed,42,plankton,3,,
Reef,SGD,High,1,ASEX,nat,NA,NA,3,,
Reef,SGD,High,1,CFLA,nat,NA,NA,1,,
Reef,SGD,High,1,CFLA,feed,5,plankton,1,,
Reef,SGD,High,1,GVAR,nat,NA,NA,1,,
Reef,SGD,High,1,GVAR,feed,4,coral,1,,
Reef,SGD,High,1,GVAR,feed,3,plankton,1,,
Reef,SGD,High,1,CCHL,nat,NA,NA,2,,
Reef,SGD,High,1,CCHL,nat,NA,NA,2,,
Reef,SGD,High,1,CCHL,feed,2,plankton,2,,
Reef,SGD,High,1,CCHL,feed,1,coral,2,,
Reef,SGD,High,1,THAR,nat,NA,NA,3,,
Reef,SGD,High,1,GVAR,feed,1,coral,1,,
Reef,SGD,High,1,ANIG,nat,NA,NA,4,,
Reef,SGD,High,1,RACU,nat,NA,NA,1,,
Reef,SGD,High,1,ZSCO,nat,NA,NA,1,,
Reef,SGD,High,1,ZSCO,feed,11,coral,1,,
Reef,SGD,High,1,ZSCO,feed,15,plankton,1,,
Reef,SGD,High,1,THAR,nat,NA,NA,3,,
Reef,SGD,High,1,THAR,nat,NA,NA,3,,
Reef,SGD,High,1,THAR,feed,17,plankton,3,,
Reef,SGD,High,1,THAR,nat,NA,NA,,,
Reef,SGD,High,1,RACU,feed,5,plankton,1,,
Reef,SGD,High,1,BUND,nat,NA,NA,1,,
Reef,SGD,High,1,ASEX,nat,NA,NA,3,,
Reef,SGD,High,1,ASEX,feed,87,plankton,3,,
Reef,SGD,High,1,ASEX,nat,NA,NA,3,,
Reef,SGD,High,1,ASEX,feed,82,plankton,3,,
Reef,SGD,High,1,ASEX,feed,88,plankton,3,,
Reef,SGD,High,1,CSPI,nat,NA,NA,1,,
Reef,SGD,High,1,CSPI,feed,2,plankton,1,,
Reef,SGD,High,1,CSPI,feed,9,coral,1,,
Reef,SGD,High,1,CSPI,feed,10,macroalgae,1,,
Reef,SGD,High,1,ZSCO,feed,32,macroalgae,1,,
Reef,SGD,High,1,HLON,nat,NA,NA,1,,
Reef,SGD,High,1,HLON,nat,NA,NA,1,,
Reef,SGD,High,1,THAR,feed,1,coral,1,,
Reef,SGD,High,1,CSPI,feed,2,coral,1,,
Reef,SGD,High,1,CSPI,feed,2,plankton,1,,
Reef,SGD,High,1,CCHL,nat,NA,NA,2,,
Reef,SGD,High,1,CCHL,nat,NA,NA,2,,
Reef,SGD,High,1,CSPI,feed,13,coral,1,,
Reef,SGD,High,1,CSPI,feed,10,plankton,1,,
Reef,SGD,High,1,THAR,feed,2,plankton,1,,
Reef,SGD,High,1,THAR,nat,NA,NA,1,,
Reef,SGD,High,1,ANIG,nat,NA,NA,4,,
Reef,SGD,High,1,ANIG,nat,NA,NA,4,,
Reef,SGD,High,1,ANIG,nat,NA,NA,4,,
Reef,SGD,High,1,ANIG,nat,NA,NA,4,,
Reef,SGD,High,1,CVIR,nat,NA,NA,2,,
Reef,SGD,High,1,CVIR,nat,NA,NA,2,,
Reef,SGD,High,1,CVIR,feed,185,plankton,2,,
Reef,SGD,High,1,CVIR,feed,45,plankton,2,,
Reef,SGD,High,1,SNIG,nat,NA,NA,6,,
Reef,SGD,High,1,SNIG,nat,NA,NA,6,,
Reef,SGD,High,1,SNIG,nat,NA,NA,6,,
Reef,SGD,High,1,SNIG,nat,NA,NA,6,,
Reef,SGD,High,1,SNIG,nat,NA,NA,6,,
Reef,SGD,High,1,SNIG,nat,NA,NA,6,,
Reef,SGD,High,1,SNIG,feed,64,turf,5,,
Reef,SGD,High,1,SNIG,feed,15,plankton,6,,
Reef,SGD,High,1,SNIG,feed,8,macroalgae,5,,
Reef,SGD,High,1,SNIG,feed,38,turf,5,,
Reef,SGD,High,1,SNIG,feed,8,plankton,6,,
Reef,SGD,High,1,SNIG,feed,24,turf,5,,
Reef,SGD,High,1,SNIG,feed,20,macroalgae,5,,
Reef,SGD,High,1,cryptic_1,nat,NA,NA,1,,
Reef,SGD,High,1,SNIG,feed,17,turf,5,,
Sand,SGD,High,1,CVAG,nat,NA,NA,4,,
Sand,SGD,High,1,CVAG,nat,NA,NA,4,,
Sand,SGD,High,1,CVAG,nat,NA,NA,4,,
Sand,SGD,High,1,CVAG,nat,NA,NA,4,,
Sand,SGD,High,1,CVAG,feed,5,Sand,4,,
Sand,SGD,High,1,CVAG,feed,1,plankton,4,,
Sand,SGD,High,1,CVAG,feed,4,Sand,4,,
Sand,SGD,High,1,CVAG,feed,1,plankton,4,,
Sand,SGD,High,1,CVAG,Sand,4,Sand,4,,
Sand,SGD,High,1,CVAG,feed,6,Sand,4,,
Sand,SGD,High,1,CVAG,feed,2,macroalgae,4,,
Sand,SGD,High,1,RACU,nat,NA,NA,1,,
Sand,SGD,High,1,ASEX,nat,NA,NA,1,,
Sand,SGD,High,1,ASEX,nat,NA,NA,1,,
Sand,SGD,High,1,CVAG,feed,1,Sand,4,,
Sand,SGD,High,1,CVAG,feed,6,Sand,4,,
Sand,SGD,High,1,CMEL,nat,NA,NA,2,,
Sand,SGD,High,1,CMEL,nat,NA,NA,2,,
Sand,SGD,High,1,ASEX,feed,6,plankton,1,,
Sand,SGD,High,1,THAR,nat,NA,NA,1,,
Sand,SGD,High,1,ASEP,nat,NA,NA,1,,
Sand,SGD,High,1,THAR,feed,1,macroalgae,1,,
Sand,SGD,High,1,CMEL,nat,NA,NA,2,,
Sand,SGD,High,1,RACU,nat,NA,NA,1,,
Sand,SGD,Low,1,THAR,nat,NA,NA,2,,
Sand,SGD,Low,1,ATRI,nat,NA,NA,2,,
Sand,SGD,Low,1,ATRI,feed,2,macroalgae,2,,
Sand,SGD,Low,1,THAR,nat,NA,NA,2,,
Sand,SGD,Low,1,HFAI,nat,NA,NA,1,,
Sand,SGD,Low,1,SSPI,nat,NA,NA,1,,
Sand,SGD,Low,1,THAR,nat,NA,NA,3,,
Sand,SGD,Low,1,ASEP,nat,NA,NA,3,,
Sand,SGD,Low,1,CAME,nat,NA,NA,1,,
Sand,SGD,Low,1,ASEP,nat,NA,NA,3,,
Sand,SGD,Low,1,ASEP,feed,7,plankton,3,,
Sand,SGD,Low,1,MFLA,nat,NA,NA,8,,
Sand,SGD,Low,1,MFLA,nat,NA,NA,8,,
Sand,SGD,Low,1,MFLA,nat,NA,NA,8,,
Sand,SGD,Low,1,MFLA,nat,NA,NA,8,,
Sand,SGD,Low,1,MFLA,nat,NA,NA,8,,
Sand,SGD,Low,1,MFLA,nat,NA,NA,8,,
Sand,SGD,Low,1,MFLA,nat,NA,NA,8,,
Sand,SGD,Low,1,MFLA,nat,NA,NA,8,,
Sand,SGD,Low,1,ASEP,nat,NA,NA,3,,
Sand,SGD,Low,1,ASEP,feed,5,plankton,3,,
Sand,SGD,Low,1,THAR,nat,NA,NA,3,,
Sand,SGD,Low,1,THAR,nat,NA,NA,3,,
Sand,SGD,Low,1,ATRI,nat,NA,NA,2,,
Sand,SGD,Low,1,ATRI,feed,1,macroalgae,2,,
Sand,SGD,Low,1,RACU,nat,NA,NA,1,,
Sand,SGD,Low,1,RACU,feed,1,Sand,1,,
Sand,SGD,Low,1,MFLA,feed,3,Sand,8,,
Sand,SGD,Low,1,ATRI,nat,NA,NA,2,,
Sand,SGD,Low,1,ATRI,nat,NA,NA,2,,
Sand,SGD,Low,1,ATRI,feed,25,Sand,2,,
Sand,SGD,Low,1,ATRI,feed,1,plankton,2,,
Sand,SGD,Low,1,ATRI,feed,7,Sand,2,,
Sand,SGD,Low,1,ATRI,feed,3,plankton,2,,
Sand,SGD,Low,1,HTRI,nat,NA,NA,1,,
Sand,SGD,Low,1,HTRI,feed,2,plankton,1,,
Sand,SGD,Low,1,HLON,nat,NA,NA,2,,
Sand,SGD,Low,1,HLON,nat,NA,NA,2,,
Sand,SGD,Low,1,HLON,feed,15,Sand,2,,
Sand,SGD,Low,1,HLON,feed,1,plankton,2,,
Sand,SGD,Low,1,HLON,feed,8,Sand,2,,
Sand,SGD,Low,1,ASEP,nat,NA,NA,3,,
Sand,SGD,Low,1,THAR,nat,NA,NA,2,,
Sand,SGD,Low,1,MFLA,nat,NA,NA,8,,
Sand,SGD,Low,1,MFLA,feed,2,plankton,8,,
Sand,SGD,Low,1,THAR,nat,NA,NA,2,,
Sand,SGD,Low,1,THAR,nat,NA,NA,3,,
Sand,SGD,Low,1,THAR,feed,1,plankton,3,,
Sand,SGD,Low,1,CCRE,nat,NA,NA,4,,
Sand,SGD,Low,1,CCRE,nat,NA,NA,4,,
Sand,SGD,Low,1,CCRE,nat,NA,NA,4,,
Sand,SGD,Low,1,CCRE,nat,NA,NA,4,,
Sand,SGD,Low,1,LFUL,nat,NA,NA,1,,
Sand,SGD,Low,1,CINE,nat,NA,NA,1,,
Sand,SGD,Low,1,RACU,nat,NA,NA,1,,
Sand,SGD,Low,1,OCUB,nat,NA,NA,1,,
Sand,SGD,Low,1,OCUB,feed,56,Sand,1,,
Sand,SGD,Low,1,MFLA,feed,8,Sand,8,,
Sand,SGD,Low,1,MFLA,feed,8,Sand,8,,
Sand,SGD,Low,1,MFLA,feed,8,Sand,8,,
Sand,SGD,Low,1,THAR,nat,NA,NA,2,,
Sand,SGD,Low,1,ASEP,nat,NA,NA,3,,
Sand,SGD,Low,1,ASEP,feed,4,plankton,3,,
Sand,Ambient,Low,1,RACU,nat,NA,NA,1,,
Sand,Ambient,Low,1,HTRI,nat,NA,NA,3,,
Sand,Ambient,Low,1,HTRI,nat,NA,NA,3,,
Sand,Ambient,Low,1,HTRI,nat,NA,NA,3,,
Sand,Ambient,Low,1,HTRI,feed,3,Sand,3,,
Sand,Ambient,Low,1,GANJ,nat,NA,NA,1,,
Sand,Ambient,Low,1,GANJ,feed,8,Sand,1,,
Sand,Ambient,Low,1,MFLA,nat,NA,NA,1,,
Sand,Ambient,Low,1,MFLA,feed,2,Sand,1,,
Sand,Ambient,Low,1,RACU,feed,1,Sand,1,,
Sand,Ambient,High,1,CVAG,nat,NA,NA,2,,
Sand,Ambient,High,1,CVAG,nat,NA,NA,2,,
Sand,Ambient,High,1,HTRI,nat,NA,NA,1,,
Sand,Ambient,High,1,CVAG,feed,3,Sand,2,,
Sand,Ambient,High,1,CVAG,feed,2,Sand,2,,
Sand,Ambient,High,1,GANJ,nat,NA,NA,1,,
Sand,Ambient,High,1,GANJ,feed,30,Sand,1,,
Sand,Ambient,High,1,CAME,nat,NA,NA,1,,
Sand,Ambient,High,1,CLUN,nat,NA,NA,1,,
Sand,SGD,Low,3,KMUG,nat,NA,NA,48,,
Sand,SGD,Low,3,KMUG,nat,NA,NA,48,,
Sand,SGD,Low,3,KMUG,nat,NA,NA,48,,
Sand,SGD,Low,3,KMUG,nat,NA,NA,48,,
Sand,SGD,Low,3,KMUG,nat,NA,NA,48,,
Sand,SGD,Low,3,KMUG,nat,NA,NA,48,,
Sand,SGD,Low,3,KMUG,nat,NA,NA,48,,
Sand,SGD,Low,3,KMUG,nat,NA,NA,48,,
Sand,SGD,Low,3,KMUG,nat,NA,NA,48,,
Sand,SGD,Low,3,KMUG,nat,NA,NA,48,,
Sand,SGD,Low,3,KMUG,nat,NA,NA,48,,
Sand,SGD,Low,3,KMUG,nat,NA,NA,48,,
Sand,SGD,Low,3,KMUG,nat,NA,NA,48,,
Sand,SGD,Low,3,KMUG,nat,NA,NA,48,,
Sand,SGD,Low,3,KMUG,nat,NA,NA,48,,
Sand,SGD,Low,3,KMUG,nat,NA,NA,48,,
Sand,SGD,Low,3,KMUG,nat,NA,NA,48,,
Sand,SGD,Low,3,KMUG,nat,NA,NA,48,,
Sand,SGD,Low,3,KMUG,nat,NA,NA,48,,
Sand,SGD,Low,3,KMUG,nat,NA,NA,48,,
Sand,SGD,Low,3,KMUG,nat,NA,NA,48,,
Sand,SGD,Low,3,KMUG,nat,NA,NA,48,,
Sand,SGD,Low,3,KMUG,nat,NA,NA,48,,
Sand,SGD,Low,3,KMUG,nat,NA,NA,48,,
Sand,SGD,Low,3,KMUG,nat,NA,NA,48,,
Sand,SGD,Low,3,KMUG,nat,NA,NA,48,,
Sand,SGD,Low,3,KMUG,nat,NA,NA,48,,
Sand,SGD,Low,3,KMUG,nat,NA,NA,48,,
Sand,SGD,Low,3,KMUG,nat,NA,NA,48,,
Sand,SGD,Low,3,KMUG,nat,NA,NA,48,,
Sand,SGD,Low,3,KMUG,nat,NA,NA,48,,
Sand,SGD,Low,3,KMUG,nat,NA,NA,48,,
Sand,SGD,Low,3,KMUG,nat,NA,NA,48,,
Sand,SGD,Low,3,KMUG,nat,NA,NA,48,,
Sand,SGD,Low,3,KMUG,nat,NA,NA,48,,
Sand,SGD,Low,3,KMUG,nat,NA,NA,48,,
Sand,SGD,Low,3,KMUG,nat,NA,NA,48,,
Sand,SGD,Low,3,KMUG,nat,NA,NA,48,,
Sand,SGD,Low,3,KMUG,nat,NA,NA,48,,
Sand,SGD,Low,3,KMUG,nat,NA,NA,48,,
Sand,SGD,Low,3,KMUG,nat,NA,NA,48,,
Sand,SGD,Low,3,KMUG,nat,NA,NA,48,,
Sand,SGD,Low,3,KMUG,nat,NA,NA,48,,
Sand,SGD,Low,3,KMUG,nat,NA,NA,48,,
Sand,SGD,Low,3,KMUG,nat,NA,NA,48,,
Sand,SGD,Low,3,KMUG,nat,NA,NA,48,,
Sand,SGD,Low,3,KMUG,nat,NA,NA,48,,
Sand,SGD,Low,3,KMUG,nat,NA,NA,48,,
Sand,SGD,Low,3,KMUG,feed,45,plankton,48,,
Sand,SGD,Low,3,KMUG,feed,45,plankton,48,,
Sand,SGD,Low,3,KMUG,feed,45,plankton,48,,
Sand,SGD,Low,3,KMUG,feed,45,plankton,48,,
Sand,SGD,Low,3,KMUG,feed,45,plankton,48,,
Sand,SGD,Low,3,KMUG,feed,45,plankton,48,,
Sand,SGD,Low,3,KMUG,feed,45,plankton,48,,
Sand,SGD,Low,3,KMUG,feed,45,plankton,48,,
Sand,SGD,Low,3,KMUG,feed,45,plankton,48,,
Sand,SGD,Low,3,KMUG,feed,45,plankton,48,,
Sand,SGD,Low,3,KMUG,feed,45,plankton,48,,
Sand,SGD,Low,3,KMUG,feed,45,plankton,48,,
Sand,SGD,Low,3,KMUG,feed,45,plankton,48,,
Sand,SGD,Low,3,KMUG,feed,45,plankton,48,,
Sand,SGD,Low,3,KMUG,feed,45,plankton,48,,
Sand,SGD,Low,3,KMUG,feed,45,plankton,48,,
Sand,SGD,Low,3,KMUG,feed,45,plankton,48,,
Sand,SGD,Low,3,KMUG,feed,45,plankton,48,,
Sand,SGD,Low,3,KMUG,feed,45,plankton,48,,
Sand,SGD,Low,3,KMUG,feed,45,plankton,48,,
Sand,SGD,Low,3,KMUG,feed,45,plankton,48,,
Sand,SGD,Low,3,KMUG,feed,45,plankton,48,,
Sand,SGD,Low,3,KMUG,feed,45,plankton,48,,
Sand,SGD,Low,3,KMUG,feed,45,plankton,48,,
Sand,SGD,Low,3,KMUG,feed,45,plankton,48,,
Sand,SGD,Low,3,KMUG,feed,45,plankton,48,,
Sand,SGD,Low,3,KMUG,feed,45,plankton,48,,
Sand,SGD,Low,3,KMUG,feed,45,plankton,48,,
Sand,SGD,Low,3,KMUG,feed,45,plankton,48,,
Sand,SGD,Low,3,KMUG,feed,45,plankton,48,,
Sand,SGD,Low,3,KMUG,feed,45,plankton,48,,
Sand,SGD,Low,3,KMUG,feed,45,plankton,48,,
Sand,SGD,Low,3,KMUG,feed,45,plankton,48,,
Sand,SGD,Low,3,KMUG,feed,45,plankton,48,,
Sand,SGD,Low,3,KMUG,feed,45,plankton,48,,
Sand,SGD,Low,3,KMUG,feed,45,plankton,48,,
Sand,SGD,Low,3,KMUG,feed,45,plankton,48,,
Sand,SGD,Low,3,KMUG,feed,45,plankton,48,,
Sand,SGD,Low,3,KMUG,feed,45,plankton,48,,
Sand,SGD,Low,3,KMUG,feed,45,plankton,48,,
Sand,SGD,Low,3,KMUG,feed,45,plankton,48,,
Sand,SGD,Low,3,KMUG,feed,45,plankton,48,,
Sand,SGD,Low,3,KMUG,feed,45,plankton,48,,
Sand,SGD,Low,3,KMUG,feed,45,plankton,48,,
Sand,SGD,Low,3,KMUG,feed,45,plankton,48,,
Sand,SGD,Low,3,KMUG,feed,45,plankton,48,,
Sand,SGD,Low,3,KMUG,feed,45,plankton,48,,
Sand,SGD,Low,3,KMUG,feed,45,plankton,48,,
Sand,SGD,Low,3,THAR,nat,NA,NA,2,,
Sand,SGD,Low,3,THAR,feed,42,plankton,2,,
Sand,SGD,Low,3,THAR,feed,6,Sand,2,,
Sand,SGD,Low,3,THAR,nat,NA,NA,2,,
Sand,SGD,Low,3,THAR,feed,3,plankton,2,,
Sand,SGD,Low,3,ASOR,nat,NA,NA,4,,
Sand,SGD,Low,3,ASOR,nat,NA,NA,4,,
Sand,SGD,Low,3,ASOR,nat,NA,NA,4,,
Sand,SGD,Low,3,ASOR,nat,NA,NA,4,,
Sand,SGD,Low,3,ASOR,feed,26,plankton,4,,
Sand,SGD,Low,3,ASOR,feed,33,plankton,4,,
Sand,SGD,Low,3,ASOR,feed,33,plankton,4,,
Sand,SGD,Low,3,ASOR,feed,33,plankton,4,,
Sand,SGD,Low,3,ASOR,feed,21,macroalgae,4,,
Sand,SGD,Low,3,ASOR,feed,21,macroalgae,4,,
Sand,SGD,Low,3,ASOR,feed,6,Sand,4,,
Sand,SGD,Low,3,ATRI,nat,NA,NA,1,,
Sand,SGD,Low,3,ATRI,feed,25,macroalgae,1,,
Sand,SGD,High,3,KMUG,nat,NA,NA,38,,
Sand,SGD,High,3,KMUG,nat,NA,NA,38,,
Sand,SGD,High,3,KMUG,nat,NA,NA,38,,
Sand,SGD,High,3,KMUG,nat,NA,NA,38,,
Sand,SGD,High,3,KMUG,nat,NA,NA,38,,
Sand,SGD,High,3,KMUG,nat,NA,NA,38,,
Sand,SGD,High,3,KMUG,nat,NA,NA,38,,
Sand,SGD,High,3,KMUG,nat,NA,NA,38,,
Sand,SGD,High,3,KMUG,nat,NA,NA,38,,
Sand,SGD,High,3,KMUG,nat,NA,NA,38,,
Sand,SGD,High,3,KMUG,nat,NA,NA,38,,
Sand,SGD,High,3,KMUG,nat,NA,NA,38,,
Sand,SGD,High,3,KMUG,nat,NA,NA,38,,
Sand,SGD,High,3,KMUG,nat,NA,NA,38,,
Sand,SGD,High,3,KMUG,nat,NA,NA,38,,
Sand,SGD,High,3,KMUG,nat,NA,NA,38,,
Sand,SGD,High,3,KMUG,nat,NA,NA,38,,
Sand,SGD,High,3,KMUG,nat,NA,NA,38,,
Sand,SGD,High,3,KMUG,nat,NA,NA,38,,
Sand,SGD,High,3,KMUG,nat,NA,NA,38,,
Sand,SGD,High,3,KMUG,nat,NA,NA,38,,
Sand,SGD,High,3,KMUG,nat,NA,NA,38,,
Sand,SGD,High,3,KMUG,nat,NA,NA,38,,
Sand,SGD,High,3,KMUG,nat,NA,NA,38,,
Sand,SGD,High,3,KMUG,nat,NA,NA,38,,
Sand,SGD,High,3,KMUG,nat,NA,NA,38,,
Sand,SGD,High,3,KMUG,nat,NA,NA,38,,
Sand,SGD,High,3,KMUG,nat,NA,NA,38,,
Sand,SGD,High,3,KMUG,nat,NA,NA,38,,
Sand,SGD,High,3,KMUG,nat,NA,NA,38,,
Sand,SGD,High,3,KMUG,nat,NA,NA,38,,
Sand,SGD,High,3,KMUG,nat,NA,NA,38,,
Sand,SGD,High,3,KMUG,nat,NA,NA,38,,
Sand,SGD,High,3,KMUG,nat,NA,NA,38,,
Sand,SGD,High,3,KMUG,nat,NA,NA,38,,
Sand,SGD,High,3,KMUG,nat,NA,NA,38,,
Sand,SGD,High,3,KMUG,nat,NA,NA,38,,
Sand,SGD,High,3,KMUG,nat,NA,NA,38,,
Sand,SGD,High,3,MFLA,nat,NA,NA,4,,
Sand,SGD,High,3,MFLA,nat,NA,NA,4,,
Sand,SGD,High,3,MFLA,nat,NA,NA,4,,
Sand,SGD,High,3,MFLA,nat,NA,NA,4,,
Sand,SGD,High,3,CMEL,nat,NA,NA,1,,
Sand,SGD,High,3,ASOR,nat,NA,NA,2,,
Sand,SGD,High,3,ASOR,feed,2,plankton,2,,
Sand,SGD,High,3,HLON,nat,NA,NA,2,,
Sand,SGD,High,3,HLON,feed,4,plankton,2,,
Sand,SGD,High,3,ASOR,nat,NA,NA,2,,
Sand,SGD,High,3,ASOR,nat,NA,NA,2,,
Sand,SGD,High,3,ASOR,feed,2,plankton,2,,
Sand,SGD,High,3,ASOR,feed,2,plankton,2,,
Sand,SGD,High,3,ASOR,nat,NA,NA,2,,
Sand,SGD,High,3,CVAG,nat,NA,NA,1,,
Sand,SGD,High,3,CVAG,feed,2,plankton,1,,
Sand,SGD,High,3,CVAG,feed,2,Sand,1,,
Sand,SGD,High,3,MFLA,feed,3,plankton,4,,
Sand,SGD,High,3,HLON,nat,NA,NA,2,,
Sand,SGD,High,3,MFLA,feed,4,plankton,4,,
Sand,SGD,High,3,HLON,feed,1,plankton,2,,
Sand,SGD,High,3,THAR,nat,NA,NA,1,,
Sand,SGD,High,3,THAR,feed,1,plankton,1,,
Sand,SGD,High,3,KMUG,feed,7,plankton,38,,
Sand,SGD,High,3,KMUG,feed,7,plankton,38,,
Sand,SGD,High,3,KMUG,feed,7,plankton,38,,
Sand,SGD,High,3,KMUG,feed,7,plankton,38,,
Sand,SGD,High,3,KMUG,feed,7,plankton,38,,
Sand,SGD,High,3,KMUG,feed,7,plankton,38,,
Sand,SGD,High,3,KMUG,feed,7,plankton,38,,
Sand,SGD,High,3,KMUG,feed,7,plankton,38,,
Sand,SGD,High,3,KMUG,feed,7,plankton,38,,
Sand,SGD,High,3,KMUG,feed,7,plankton,38,,
Sand,SGD,High,3,KMUG,feed,7,plankton,38,,
Sand,SGD,High,3,KMUG,feed,7,plankton,38,,
Sand,SGD,High,3,KMUG,feed,7,plankton,38,,
Sand,SGD,High,3,KMUG,feed,7,plankton,38,,
Sand,SGD,High,3,KMUG,feed,7,plankton,38,,
Sand,SGD,High,3,KMUG,feed,7,plankton,38,,
Sand,SGD,High,3,KMUG,feed,7,plankton,38,,
Sand,SGD,High,3,KMUG,feed,7,plankton,38,,
Sand,SGD,High,3,KMUG,feed,7,plankton,38,,
Sand,SGD,High,3,KMUG,feed,7,plankton,38,,
Sand,SGD,High,3,KMUG,feed,7,plankton,38,,
Sand,SGD,High,3,KMUG,feed,7,plankton,38,,
Sand,SGD,High,3,KMUG,feed,7,plankton,38,,
Sand,SGD,High,3,KMUG,feed,7,plankton,38,,
Sand,SGD,High,3,KMUG,feed,7,plankton,38,,
Sand,SGD,High,3,KMUG,feed,7,plankton,38,,
Sand,SGD,High,3,KMUG,feed,7,plankton,38,,
Sand,SGD,High,3,KMUG,feed,7,plankton,38,,
Sand,SGD,High,3,KMUG,feed,7,plankton,38,,
Sand,SGD,High,3,KMUG,feed,7,plankton,38,,
Sand,SGD,High,3,KMUG,feed,7,plankton,38,,
Sand,SGD,High,3,KMUG,feed,7,plankton,38,,
Sand,SGD,High,3,KMUG,feed,7,plankton,38,,
Sand,SGD,High,3,KMUG,feed,7,plankton,38,,
Sand,SGD,High,3,KMUG,feed,7,plankton,38,,
Sand,SGD,High,3,KMUG,feed,7,plankton,38,,
Sand,SGD,High,3,KMUG,feed,7,plankton,38,,
Sand,SGD,High,3,KMUG,feed,7,plankton,38,,
Sand,Ambient,Low,2,RACU,nat,NA,NA,1,,
Sand,Ambient,Low,2,HTRI,nat,NA,NA,1,,
Sand,Ambient,Low,2,HTRI,feed,1,Sand,1,,
Sand,Ambient,Low,2,CORY,nat,NA,NA,2,,
Sand,Ambient,Low,2,CORY,nat,NA,NA,2,,
Sand,Ambient,Low,2,GVAR,nat,NA,NA,1,,
Sand,Ambient,Low,2,THAR,nat,NA,NA,1,,
Sand,Ambient,Low,2,THAR,nat,NA,NA,1,,
Sand,Ambient,Low,2,HTRI,nat,NA,NA,1,,
Sand,Ambient,Low,2,HTRI,feed,2,plankton,1,,
Sand,Ambient,Low,2,GVAR,feed,13,Sand,1,,
Sand,Ambient,Low,2,CVAG,nat,NA,NA,2,,
Sand,Ambient,Low,2,CVAG,nat,NA,NA,2,,
Sand,Ambient,Low,2,CVAG,feed,3,Sand,2,,
Sand,Ambient,Low,2,THAR,nat,NA,NA,1,,
Sand,Ambient,Low,2,ACNI,nat,NA,NA,1,,
Sand,Ambient,Low,2,HLON,nat,NA,NA,3,,
Sand,Ambient,Low,2,HLON,nat,NA,NA,3,,
Sand,Ambient,Low,2,HLON,nat,NA,NA,3,,
Sand,Ambient,Low,2,HLON,feed,9,Sand,3,,
Sand,Ambient,Low,2,CCIT,nat,NA,NA,2,,
Sand,Ambient,Low,2,CCIT,nat,NA,NA,2,,
Sand,Ambient,High,2,CVAG,nat,NA,NA,3,,
Sand,Ambient,High,2,CVAG,nat,NA,NA,3,,
Sand,Ambient,High,2,HLON,nat,NA,NA,1,,
Sand,Ambient,High,2,HLON,feed,16,Sand,1,,
Sand,Ambient,High,2,THAR,nat,NA,NA,1,,
Sand,Ambient,High,2,CCHL,nat,NA,NA,1,,
Sand,Ambient,High,2,CORY,nat,NA,NA,1,,
Sand,Ambient,High,2,HTRI,nat,NA,NA,2,,
Sand,Ambient,High,2,RACU,nat,NA,NA,1,,
Sand,Ambient,High,2,RACU,feed,5,Sand,1,,
Sand,Ambient,High,2,CVAG,nat,NA,NA,3,,
Sand,Ambient,High,2,CVAG,feed,6,Sand,3,,
Sand,Ambient,High,2,CLUN,nat,NA,NA,1,,
Sand,Ambient,High,2,HTRI,nat,NA,NA,2,,
Reef,Ambient,High,1,CULI,nat,NA,NA,1,,
Reef,Ambient,High,1,CULI,feed,1,coral,1,,
Reef,Ambient,High,1,CFLA,nat,NA,NA,2,,
Reef,Ambient,High,1,CFLA,nat,NA,NA,2,,
Reef,Ambient,High,1,CFLA,feed,2,coral,2,,
Reef,Ambient,High,1,CFLA,feed,1,plankton,2,,
Reef,Ambient,High,1,BUND,nat,NA,NA,1,,
Reef,Ambient,High,1,BUND,feed,1,coral,1,,
Reef,Ambient,High,1,CCHL,nat,NA,NA,2,,
Reef,Ambient,High,1,CCHL,nat,NA,NA,2,,
Reef,Ambient,High,1,CCHL,feed,2,plankton,2,,
Reef,Ambient,High,1,ASEX,nat,NA,NA,2,,
Reef,Ambient,High,1,ASEX,feed,50,plankton,2,,
Reef,Ambient,High,1,ASEX,nat,NA,NA,2,,
Reef,Ambient,High,1,ASEX,feed,6,plankton,2,,
Reef,Ambient,High,1,ACNI,nat,NA,NA,1,,
Reef,Ambient,High,1,ACNI,nat,NA,NA,1,,
Reef,Ambient,High,1,PLAR,nat,NA,NA,1,,
Reef,Ambient,High,1,ANIG,nat,NA,NA,1,,
Reef,Ambient,High,1,ANIG,feed,1,plankton,1,,
Reef,Ambient,High,1,ANIG,nat,NA,NA,1,,
Reef,Ambient,High,1,ANIG,feed,26,coral,1,,
Reef,Ambient,High,1,CAUR,nat,NA,NA,2,,
Reef,Ambient,High,1,CAUR,nat,NA,NA,2,,
Reef,Ambient,High,1,CAUR,feed,10,coral,2,,
Reef,Ambient,High,1,CAUR,feed,2,plankton,2,,
Reef,Ambient,High,1,CCIT,nat,NA,NA,2,,
Reef,Ambient,High,1,CCIT,nat,NA,NA,2,,
Reef,Ambient,High,1,THAR,nat,NA,NA,1,,
Reef,Ambient,High,1,THAR,feed,7,plankton,1,,
Reef,Ambient,High,1,HLON,nat,NA,NA,1,,
Reef,Ambient,High,1,THAR,feed,1,macroalgae,1,,
Reef,Ambient,High,1,THAR,feed,1,coral,1,,
Reef,Ambient,High,1,HLON,nat,NA,NA,1,,
Reef,Ambient,High,1,CAUR,feed,3,coral,2,,
Reef,Ambient,High,1,CSPI,nat,NA,NA,2,,
Reef,Ambient,High,1,EMER,nat,NA,NA,1,,
Reef,Ambient,High,1,CSPI,nat,NA,NA,2,,
Reef,Ambient,High,1,CSPI,feed,7,coral,2,,
Reef,Ambient,High,1,CSPI,feed,14,coral,2,,
Reef,Ambient,High,1,SNIG,nat,NA,NA,3,,
Reef,Ambient,High,1,SNIG,feed,7,plankton,3,,
Reef,Ambient,High,1,SNIG,feed,10,turf,3,,
Reef,Ambient,High,1,SNIG,feed,1,coral,3,,
Reef,Ambient,High,1,CCHL,feed,2,turf,3,,
Reef,Ambient,High,1,SNIG,nat,NA,NA,3,,
Reef,Ambient,High,1,SNIG,feed,4,macroalgae,3,,
Reef,Ambient,High,1,SNIG,feed,1,plankton,3,,
Reef,Ambient,High,1,SNIG,nat,NA,NA,3,,
Reef,Ambient,High,1,SNIG,feed,15,macroalgae,3,,
Reef,Ambient,High,1,SNIG,feed,6,plankton,3,,
Reef,Ambient,High,1,SNIG,feed,17,turf,3,,
Reef,Ambient,High,1,SNIG,feed,3,coral,3,,
Reef,Ambient,Low,1,THAR,nat,NA,NA,2,,
Reef,Ambient,Low,1,CCHL,nat,NA,NA,1,,
Reef,Ambient,Low,1,CCHL,feed,1,plankton,1,,
Reef,Ambient,Low,1,SNIG,nat,NA,NA,1,,
Reef,Ambient,Low,1,SNIG,feed,10,turf,1,,
Reef,Ambient,Low,1,THAR,feed,2,plankton,2,,
Reef,Ambient,Low,1,THAR,feed,2,macroalgae,2,,
Reef,Ambient,Low,1,RACU,nat,NA,NA,2,,
Reef,Ambient,Low,1,RACU,nat,NA,NA,2,,
Reef,Ambient,Low,1,CCHL,nat,NA,NA,1,,
Reef,Ambient,Low,1,CCHL,feed,1,turf,1,,
Reef,Ambient,Low,1,EMER,nat,NA,NA,1,,
Reef,Ambient,Low,1,CMEL,nat,NA,NA,1,,
Reef,Ambient,Low,1,CAUR,nat,NA,NA,2,,
Reef,Ambient,Low,1,CAUR,nat,NA,NA,2,,
Reef,Ambient,Low,1,CLUN,nat,NA,NA,1,,
Reef,Ambient,Low,1,BUND,nat,NA,NA,1,,
Reef,Ambient,Low,1,BUND,feed,2,coral,1,,
Reef,Ambient,Low,1,CSPI,nat,NA,NA,6,,
Reef,Ambient,Low,1,CSPI,nat,NA,NA,6,,
Reef,Ambient,Low,1,SBAN,nat,NA,NA,1,,
Reef,Ambient,Low,1,THAR,nat,NA,NA,2,,
Reef,Ambient,Low,1,THAR,feed,1,turf,2,,
Reef,Ambient,Low,1,HLON,nat,NA,NA,2,,
Reef,Ambient,Low,1,THAR,feed,2,plankton,2,,
Reef,Ambient,Low,1,CCHL,feed,2,macroalgae,1,,
Reef,Ambient,Low,1,ACNI,nat,NA,NA,2,,
Reef,Ambient,Low,1,SBAN,feed,11,turf,1,,
Reef,Ambient,Low,1,HLON,nat,NA,NA,2,,
Reef,Ambient,Low,1,HLON,feed,8,coral,2,,
Reef,Ambient,Low,1,HLON,feed,4,plankton,2,,
Reef,Ambient,Low,1,CFLA,nat,NA,NA,1,,
Reef,Ambient,Low,1,CFLA,feed,2,coral,1,,
Reef,Ambient,Low,1,ACNI,nat,NA,NA,2,,
Reef,Ambient,Low,1,CSPI,nat,NA,NA,6,,
Reef,Ambient,Low,1,CSPI,nat,NA,NA,6,,
Reef,Ambient,Low,1,CSPI,nat,NA,NA,6,,
Reef,Ambient,Low,1,CSPI,nat,NA,NA,6,,
Reef,Ambient,Low,1,SBAN,feed,1,coral,1,,
Reef,Ambient,Low,1,CFLA,feed,1,plankton,1,,
Reef,Ambient,Low,1,CCIT,nat,NA,NA,1,,
Reef,Ambient,Low,1,ASEX,nat,NA,NA,2,,
Reef,Ambient,Low,1,ASEX,feed,30,plankton,2,,
Reef,Ambient,Low,1,ASEX,nat,NA,NA,2,,
Reef,Ambient,Low,1,ASEX,feed,6,plankton,2,,
Reef,Ambient,Low,1,SNIG,nat,NA,NA,3,,
Reef,Ambient,Low,1,SNIG,nat,NA,NA,3,,
Reef,Ambient,Low,1,SNIG,nat,NA,NA,3,,
Reef,Ambient,Low,1,SNIG,feed,6,plankton,3,,
Reef,Ambient,Low,1,SNIG,feed,3,turf,3,,
Reef,Ambient,Low,1,SNIG,feed,2,plankton,3,,
Reef,Ambient,Low,1,SNIG,feed,1,turf,3,,
Reef,Ambient,Low,1,SNIG,feed,1,macroalgae,3,,
Reef,Ambient,Low,1,SNIG,feed,3,macroalgae,3,,
Reef,Ambient,Low,1,SNIG,feed,8,turf,3,,
Reef,Ambient,Low,1,SNIG,feed,4,plankton,3,,
Reef,Ambient,Low,1,CSPI,nat,NA,NA,2,,
Reef,Ambient,Low,1,CSPI,nat,NA,NA,2,,
Reef,Ambient,Low,1,HLON,nat,NA,NA,1,,
Reef,Ambient,Low,1,EMER,nat,NA,NA,1,,
Reef,SGD,Low,3,CVAG,nat,NA,NA,1,,
Reef,SGD,Low,3,CVAG,feed,5,plankton,1,,
Reef,SGD,Low,3,CVAG,nat,NA,NA,1,,
Reef,SGD,Low,3,CAUR,nat,NA,NA,2,,
Reef,SGD,Low,3,CAUR,nat,NA,NA,2,,
Reef,SGD,Low,3,CAUR,feed,2,plankton,2,,
Reef,SGD,Low,3,CAUR,feed,6,plankton,2,,
Reef,SGD,Low,3,CCIT,nat,NA,NA,2,,
Reef,SGD,Low,3,CCIT,nat,NA,NA,2,,
Reef,SGD,Low,3,CHLU,nat,NA,NA,2,,
Reef,SGD,Low,3,CHLU,nat,NA,NA,2,,
Reef,SGD,Low,3,CCIT,feed,8,plankton,2,,
Reef,SGD,Low,3,CCIT,nat,NA,NA,2,,
Reef,SGD,Low,3,CLUN,nat,NA,NA,1,,
Reef,SGD,Low,3,ASEP,nat,NA,NA,1,,
Reef,SGD,Low,3,ASEP,nat,NA,NA,1,,
Reef,SGD,Low,3,ASEP,feed,2,plankton,1,,
Reef,SGD,Low,3,MFLA,nat,NA,NA,4,,
Reef,SGD,Low,3,MFLA,nat,NA,NA,4,,
Reef,SGD,Low,3,MFLA,nat,NA,NA,4,,
Reef,SGD,Low,3,MFLA,nat,NA,NA,4,,
Reef,SGD,Low,3,CLEU,nat,NA,NA,2,,
Reef,SGD,Low,3,CLEU,nat,NA,NA,2,,
Reef,SGD,Low,3,CLEU,feed,177,plankton,2,,
Reef,SGD,Low,3,CLEU,feed,142,plankton,2,,
Reef,SGD,Low,3,THAR,nat,NA,NA,1,,
Reef,SGD,Low,3,THAR,feed,7,plankton,1,,
Reef,SGD,Low,3,THAR,feed,1,turf,1,,evai
Reef,SGD,Low,3,THAR,nat,NA,NA,1,,
Reef,SGD,Low,3,THAR,feed,4,plankton,1,,
Reef,SGD,Low,3,CCHL,nat,NA,NA,3,,
Reef,SGD,Low,3,CCHL,feed,11,plankton,3,,
Reef,SGD,Low,3,CCHL,feed,5,macroalgae,3,,
Reef,SGD,Low,3,CCHL,nat,NA,NA,3,,
Reef,SGD,Low,3,CCHL,feed,3,plankton,3,,
Reef,SGD,Low,3,CCHL,nat,NA,NA,3,,
Reef,SGD,Low,3,CCHL,feed,10,macroalgae,3,,
Reef,SGD,Low,3,CCHL,feed,3,plankton,3,,
Reef,SGD,Low,3,GVAR,nat,NA,NA,2,,
Reef,SGD,Low,3,GVAR,feed,1,macroalgae,2,,
Reef,SGD,Low,3,GVAR,feed,20,plankton,2,,
Reef,SGD,Low,3,GVAR,nat,NA,NA,2,,
Reef,SGD,Low,3,GVAR,feed,15,plankton,2,,
Reef,SGD,Low,3,ANIG,nat,NA,NA,3,,
Reef,SGD,Low,3,ANIG,nat,NA,NA,3,,
Reef,SGD,Low,3,ANIG,nat,NA,NA,3,,
Reef,SGD,Low,3,ANIG,feed,3,plankton,3,,
Reef,SGD,Low,3,ANIG,feed,8,macroalgae,3,,
Reef,SGD,Low,3,ANIG,feed,2,plankton,3,,
Reef,SGD,Low,3,ANIG,feed,8,macroalgae,3,,
Reef,SGD,Low,3,ANIG,feed,7,macroalgae,3,,
Reef,SGD,Low,3,CSPI,nat,NA,NA,4,,
Reef,SGD,Low,3,SSPI,nat,NA,NA,4,,
Reef,SGD,Low,3,SSPI,feed,3,plankton,4,,
Reef,SGD,Low,3,SSPI,nat,NA,NA,4,,
Reef,SGD,Low,3,SSPI,nat,NA,NA,4,,
Reef,SGD,Low,3,SSPI,feed,3,plankton,4,,
Reef,SGD,Low,3,SSPI,feed,3,plankton,4,,
Reef,SGD,Low,3,SSPI,feed,3,plankton,4,,
Reef,SGD,Low,3,HLON,nat,NA,NA,4,,
Reef,SGD,Low,3,HLON,nat,NA,NA,4,,
Reef,SGD,Low,3,HLON,nat,NA,NA,4,,
Reef,SGD,Low,3,HLON,nat,NA,NA,4,,
Reef,SGD,Low,3,HLON,nat,NA,NA,4,,
Reef,SGD,Low,3,HLON,nat,NA,NA,4,,
Reef,SGD,Low,3,HLON,feed,6,plankton,4,,
Reef,SGD,Low,3,HLON,feed,6,plankton,4,,
Reef,SGD,Low,3,HLON,feed,4,macroalgae,4,,
Reef,SGD,Low,3,HLON,feed,4,macroalgae,4,,
Reef,SGD,Low,3,PMUL,nat,NA,NA,1,,
Reef,SGD,Low,3,PMUL,feed,1,plankton,1,,
Reef,SGD,Low,3,CFLA,nat,NA,NA,1,,
Reef,SGD,Low,3,CFLA,feed,7,plankton,1,,
Reef,SGD,Low,3,CSPI,nat,NA,NA,2,,
Reef,SGD,Low,3,CSPI,feed,24,plankton,2,,
Reef,SGD,Low,3,CSPI,nat,NA,NA,2,,
Reef,SGD,Low,3,CSPI,nat,NA,NA,2,,
Reef,SGD,Low,3,CSPI,feed,14,plankton,2,,
Reef,SGD,Low,3,CSPI,feed,19,plankton,2,,
Reef,SGD,Low,3,CSPI,feed,4,coral,2,,
Reef,SGD,Low,3,BUND,nat,NA,NA,1,,
Reef,SGD,Low,3,CSPI,nat,NA,NA,2,,
Reef,SGD,Low,3,ACNI,nat,NA,NA,1,,
Reef,SGD,Low,3,SNIG,nat,NA,NA,9,,
Reef,SGD,Low,3,SNIG,feed,147,plankton,9,,
Reef,SGD,Low,3,SNIG,feed,35,turf,9,,
Reef,SGD,Low,3,CAYG,nat,NA,NA,1,,
Reef,SGD,Low,3,SNIG,nat,NA,NA,9,,
Reef,SGD,Low,3,SNIG,nat,NA,NA,9,,
Reef,SGD,Low,3,SNIG,nat,NA,NA,9,,
Reef,SGD,Low,3,SNIG,nat,NA,NA,9,,
Reef,SGD,Low,3,SNIG,nat,NA,NA,9,,
Reef,SGD,Low,3,SNIG,nat,NA,NA,9,,
Reef,SGD,Low,3,SNIG,nat,NA,NA,9,,
Reef,SGD,Low,3,SNIG,nat,NA,NA,9,,
Reef,SGD,Low,3,SNIG,feed,130,plankton,9,,
Reef,SGD,Low,3,SNIG,feed,14,turf,9,,
Reef,SGD,Low,3,SNIG,feed,135,plankton,9,,
Reef,SGD,Low,3,SNIG,feed,30,turf,9,,
Reef,SGD,Low,3,SNIG,feed,140,plankton,9,,
Reef,SGD,Low,3,SNIG,feed,24,turf,9,,
Reef,SGD,High,3,CCIT,nat,NA,NA,2,,
Reef,SGD,High,3,CCIT,nat,NA,NA,2,,
Reef,SGD,High,3,CCIT,feed,1,plankton,2,,
Reef,SGD,High,3,CAME,nat,NA,NA,1,,
Reef,SGD,High,3,CCIT,feed,4,coral,2,,
Reef,SGD,High,3,THAR,nat,NA,NA,1,,
Reef,SGD,High,3,THAR,feed,37,plankton,1,,
Reef,SGD,High,3,THAR,feed,2,turf,1,,
Reef,SGD,High,3,GVAR,nat,NA,NA,1,,
Reef,SGD,High,3,GVAR,feed,10,plankton,1,,
Reef,SGD,High,3,CCHL,nat,NA,NA,2,,
Reef,SGD,High,3,OMEL,nat,NA,NA,1,,
Reef,SGD,High,3,OMEL,feed,2,plankton,1,,
Reef,SGD,High,3,CCHL,feed,5,plankton,1,,
Reef,SGD,High,3,CCHL,nat,NA,NA,2,,
Reef,SGD,High,3,CCHL,feed,3,plankton,1,,
Reef,SGD,High,3,CLEU,nat,NA,NA,2,,
Reef,SGD,High,3,CLEU,nat,NA,NA,2,,
Reef,SGD,High,3,CLEU,feed,93,plankton,2,,
Reef,SGD,High,3,CLEU,feed,22,coral,2,,
Reef,SGD,High,3,CCHL,feed,1,turf,1,,
Reef,SGD,High,3,CLEU,feed,63,plankton,2,,
Reef,SGD,High,3,CLEU,feed,26,coral,2,,
Reef,SGD,High,3,CLEU,feed,1,macroalgae,2,,
Reef,SGD,High,3,CSPI,nat,NA,NA,2,,
Reef,SGD,High,3,CSPI,feed,30,coral,2,,
Reef,SGD,High,3,CSPI,feed,8,plankton,2,,
Reef,SGD,High,3,CSPI,nat,NA,NA,2,,
Reef,SGD,High,3,CSPI,feed,13,coral,2,,
Reef,SGD,High,3,SNIG,nat,NA,NA,7,,
Reef,SGD,High,3,SNIG,feed,127,turf,7,,
Reef,SGD,High,3,SNIG,feed,5,plankton,7,,
Reef,SGD,High,3,SNIG,feed,9,macroalgae,7,,
Reef,SGD,High,3,SNIG,feed,20,plankton,7,,
Reef,SGD,High,3,SNIG,feed,118,turf,7,,
Reef,SGD,High,3,SNIG,feed,1,macroalgae,7,,
Reef,SGD,High,3,SNIG,feed,115,turf,7,,
Reef,SGD,High,3,SNIG,feed,42,macroalgae,7,,
Reef,SGD,High,3,SNIG,feed,21,plankton,7,,
Reef,SGD,High,3,SNIG,nat,NA,NA,7,,
Reef,SGD,High,3,SNIG,nat,NA,NA,7,,
Reef,SGD,High,3,SNIG,nat,NA,NA,7,,
Reef,SGD,High,3,SNIG,nat,NA,NA,7,,
Reef,SGD,High,3,SNIG,nat,NA,NA,7,,
Reef,SGD,High,3,SNIG,nat,NA,NA,7,,
Reef,SGD,High,2,DARU,nat,NA,NA,2,,
Reef,SGD,High,2,DARU,nat,NA,NA,2,,
Reef,SGD,High,2,DARU,feed,218,plankton,2,,
Reef,SGD,High,2,CSPI,nat,NA,NA,9,,
Reef,SGD,High,2,CSPI,nat,NA,NA,9,,
Reef,SGD,High,2,CSPI,nat,NA,NA,9,,
Reef,SGD,High,2,CSPI,nat,NA,NA,9,,
Reef,SGD,High,2,CSPI,nat,NA,NA,9,,
Reef,SGD,High,2,CSPI,nat,NA,NA,9,,
Reef,SGD,High,2,CSPI,nat,NA,NA,9,,
Reef,SGD,High,2,CSPI,feed,147,macroalgae,10,,
Reef,SGD,High,2,CSPI,feed,147,macroalgae,10,,
Reef,SGD,High,2,CSPI,feed,147,macroalgae,10,,
Reef,SGD,High,2,CSPI,feed,141,macroalgae,10,,
Reef,SGD,High,2,CSPI,feed,5,coral,9,,
Reef,SGD,High,2,CSPI,feed,5,coral,9,,
Reef,SGD,High,2,CSPI,nat,NA,NA,9,,
Reef,SGD,High,2,CSPI,nat,NA,NA,9,,
Reef,SGD,High,2,CSPI,feed,5,coral,9,,
Reef,SGD,High,2,ATRI,nat,NA,NA,1,,
Reef,SGD,High,2,HTRI,nat,NA,NA,2,,
Reef,SGD,High,2,CCIT,nat,NA,NA,1,,
Reef,SGD,High,2,CCIT,feed,1,plankton,1,,
Reef,SGD,High,2,ANIG,nat,NA,NA,1,,
Reef,SGD,High,2,CINE,nat,NA,NA,1,,
Reef,SGD,High,2,CVAG,nat,NA,NA,2,,
Reef,SGD,High,2,CVAG,nat,NA,NA,2,,
Reef,SGD,High,2,EMER,nat,NA,NA,2,,
Reef,SGD,High,2,CFLA,nat,NA,NA,1,,
Reef,SGD,High,2,GVAR,nat,NA,NA,1,,
Reef,SGD,High,2,HTRI,nat,NA,NA,2,,
Reef,SGD,High,2,THAR,nat,NA,NA,2,,
Reef,SGD,High,2,THAR,feed,7,plankton,2,,
Reef,SGD,High,2,THAR,nat,NA,NA,2,,
Reef,SGD,High,2,THAR,feed,25,plankton,2,,
Reef,SGD,High,2,SNIG,nat,NA,NA,1,,
Reef,SGD,High,2,SNIG,feed,26,macroalgae,1,,
Reef,SGD,High,2,SNIG,feed,4,plankton,1,,
Reef,SGD,High,2,EMER,nat,NA,NA,2,,
Reef,SGD,Low,2,CAYG,nat,NA,NA,1,,
Reef,SGD,Low,2,ANIG,nat,NA,NA,5,,
Reef,SGD,Low,2,ANIG,feed,9,plankton,5,,
Reef,SGD,Low,2,ANIG,nat,NA,NA,5,,
Reef,SGD,Low,2,ANIG,nat,NA,NA,5,,
Reef,SGD,Low,2,ANIG,feed,10,plankton,5,,
Reef,SGD,Low,2,ANIG,nat,NA,NA,5,,
Reef,SGD,Low,2,ANIG,nat,NA,NA,5,,
Reef,SGD,Low,2,ANIG,feed,10,plankton,5,,
Reef,SGD,Low,2,ANIG,feed,11,plankton,5,,
Reef,SGD,Low,2,ANIG,feed,10,plankton,5,,
Reef,SGD,Low,2,ACNI,nat,NA,NA,1,,
Reef,SGD,Low,2,CCRE,nat,NA,NA,3,,
Reef,SGD,Low,2,CCRE,nat,NA,NA,3,,
Reef,SGD,Low,2,CCRE,nat,NA,NA,3,,
Reef,SGD,Low,2,CCRE,feed,7,plankton,3,,
Reef,SGD,Low,2,CCRE,feed,7,plankton,3,,
Reef,SGD,Low,2,CCRE,feed,7,plankton,3,,
Reef,SGD,Low,2,ATRI,nat,NA,NA,3,,
Reef,SGD,Low,2,ATRI,nat,NA,NA,3,,
Reef,SGD,Low,2,ATRI,feed,5,,3,,
Reef,SGD,Low,2,ATRI,nat,NA,NA,3,,
Reef,SGD,Low,2,ATRI,feed,5,,3,,
Reef,SGD,Low,2,ATRI,feed,8,,3,,
Reef,SGD,Low,2,ZCOR,nat,NA,NA,1,,
Reef,SGD,Low,2,ZCOR,feed,15,plankton,1,,
Reef,SGD,Low,2,CCIT,nat,NA,NA,3,,
Reef,SGD,Low,2,CCIT,feed,11,plankton,3,,
Reef,SGD,Low,2,BUND,nat,NA,NA,1,,
Reef,SGD,Low,2,CCIT,nat,NA,NA,3,,
Reef,SGD,Low,2,CCIT,feed,10,plankton,3,,
Reef,SGD,Low,2,CCIT,feed,9,macroalgae,3,,
Reef,SGD,Low,2,CHLU,nat,NA,NA,2,,
Reef,SGD,Low,2,CHLU,nat,NA,NA,2,,
Reef,SGD,Low,2,CCIT,feed,6,macroalgae,3,,
Reef,SGD,Low,2,CCIT,nat,NA,NA,3,,
Reef,SGD,Low,2,CCIT,feed,4,macroalgae,3,,
Reef,SGD,Low,2,CCIT,feed,3,plankton,3,,
Reef,SGD,Low,2,CCIT,feed,5,coral,3,,
Reef,SGD,Low,2,CCIT,feed,6,coral,3,,
Reef,SGD,Low,2,CCIT,feed,6,coral,3,,
Reef,SGD,Low,2,CFLA,nat,NA,NA,1,,
Reef,SGD,Low,2,HHOR,nat,NA,NA,1,,
Reef,SGD,Low,2,HHOR,feed,5,plankton,1,,
Reef,SGD,Low,2,CAYG,feed,5,plankton,1,,
Reef,SGD,Low,2,CFLA,feed,9,plankton,1,,
Reef,SGD,Low,2,EMER,nat,NA,NA,1,,
Reef,SGD,Low,2,EMER,feed,4,plankton,1,,
Reef,SGD,Low,2,THAR,nat,NA,NA,2,,
Reef,SGD,Low,2,THAR,nat,NA,NA,2,,
Reef,SGD,Low,2,THAR,feed,9,plankton,2,,
Reef,SGD,Low,2,THAR,feed,7,plankton,2,,
Reef,SGD,Low,2,THAR,feed,7,plankton,2,,
Reef,SGD,Low,2,THAR,feed,4,plankton,2,,
Reef,SGD,Low,2,THAR,feed,11,plankton,2,,
Reef,SGD,Low,2,CCHL,nat,NA,NA,2,,
Reef,SGD,Low,2,CCHL,nat,NA,NA,2,,
Reef,SGD,Low,2,CCHL,feed,1,coral,2,,
Reef,SGD,Low,2,CCHL,feed,3,plankton,2,,
Reef,SGD,Low,2,CCHL,feed,1,plankton,2,,
Reef,SGD,Low,2,ASEP,nat,NA,NA,1,,
Reef,SGD,Low,2,ASEX,nat,NA,NA,3,,
Reef,SGD,Low,2,ASEX,nat,NA,NA,3,,
Reef,SGD,Low,2,ASEX,feed,162,plankton,3,,
Reef,SGD,Low,2,ASEX,feed,169,plankton,3,,
Reef,SGD,Low,2,ASEX,feed,40,plankton,3,,
Reef,SGD,Low,2,CVIR,nat,NA,NA,10,,
Reef,SGD,Low,2,CVIR,feed,138,plankton,10,,
Reef,SGD,Low,2,CVIR,nat,NA,NA,10,,
Reef,SGD,Low,2,CVIR,nat,NA,NA,10,,
Reef,SGD,Low,2,CVIR,nat,NA,NA,10,,
Reef,SGD,Low,2,CVIR,nat,NA,NA,10,,
Reef,SGD,Low,2,CVIR,nat,NA,NA,10,,
Reef,SGD,Low,2,CVIR,nat,NA,NA,10,,
Reef,SGD,Low,2,CVIR,nat,NA,NA,10,,
Reef,SGD,Low,2,CVIR,nat,NA,NA,10,,
Reef,SGD,Low,2,CVIR,nat,NA,NA,10,,
Reef,SGD,Low,2,CVIR,feed,138,plankton,10,,
Reef,SGD,Low,2,CVIR,feed,138,plankton,10,,
Reef,SGD,Low,2,CVIR,feed,138,plankton,10,,
Reef,SGD,Low,2,CVIR,feed,138,plankton,10,,
Reef,SGD,Low,2,CVIR,feed,138,plankton,10,,
Reef,SGD,Low,2,CVIR,feed,138,plankton,10,,
Reef,SGD,Low,2,CVIR,feed,138,plankton,10,,
Reef,SGD,Low,2,CVIR,feed,138,plankton,10,,
Reef,SGD,Low,2,CVIR,feed,138,plankton,10,,
Reef,SGD,Low,2,CSPI,nat,NA,NA,10,,
Reef,SGD,Low,2,CSPI,nat,NA,NA,10,,
Reef,SGD,Low,2,CSPI,nat,NA,NA,10,,
Reef,SGD,Low,2,CSPI,feed,5,plankton,10,,
Reef,SGD,Low,2,CSPI,nat,NA,NA,10,,
Reef,SGD,Low,2,CSPI,feed,8,coral,10,,
Reef,SGD,Low,2,CSPI,feed,6,plankton,10,,
Reef,SGD,Low,2,CSPI,feed,5,plankton,10,,
Reef,SGD,Low,2,CSPI,feed,8,plankton,10,,
Reef,SGD,Low,2,CSPI,feed,6,plankton,10,,
Reef,SGD,Low,2,CSPI,nat,NA,NA,10,,
Reef,SGD,Low,2,CSPI,nat,NA,NA,10,,
Reef,SGD,Low,2,CSPI,nat,NA,NA,10,,
Reef,SGD,Low,2,CSPI,nat,NA,NA,10,,
Reef,SGD,Low,2,CSPI,nat,NA,NA,10,,
Reef,SGD,Low,2,CSPI,feed,14,macroalgae,10,,
Reef,SGD,Low,2,CSPI,feed,10,macroalgae,10,,
Reef,SGD,Low,2,CSPI,feed,14,macroalgae,10,,
Reef,SGD,Low,2,CSPI,feed,17,macroalgae,10,,
Reef,SGD,Low,2,CSPI,feed,16,macroalgae,10,,
Reef,SGD,Low,2,CSPI,feed,18,macroalgae,10,,
Reef,SGD,Low,2,CSPI,feed,16,macroalgae,10,,
Reef,SGD,Low,2,CSPI,feed,2,plankton,10,,
Reef,SGD,Low,2,DARU,nat,NA,NA,7,,
Reef,SGD,Low,2,DARU,nat,NA,NA,7,,
Reef,SGD,Low,2,DARU,nat,NA,NA,7,,
Reef,SGD,Low,2,DARU,nat,NA,NA,7,,
Reef,SGD,Low,2,DARU,nat,NA,NA,7,,
Reef,SGD,Low,2,DARU,nat,NA,NA,7,,
Reef,SGD,Low,2,DARU,nat,NA,NA,7,,
Reef,SGD,Low,2,DARU,feed,180,plankton,7,,
Reef,SGD,Low,2,DARU,feed,185,plankton,7,,
Reef,SGD,Low,2,DARU,feed,160,plankton,7,,
Reef,SGD,Low,2,DARU,feed,193,plankton,7,,
Reef,SGD,Low,2,SNIG,nat,NA,NA,3,,
Reef,SGD,Low,2,SNIG,feed,5,macroalgae,3,,
Reef,SGD,Low,2,SNIG,feed,10,plankton,3,,
Reef,SGD,Low,2,SNIG,feed,6,plankton,3,,
Reef,SGD,Low,2,SNIG,nat,NA,NA,3,,
Reef,SGD,Low,2,SNIG,nat,NA,NA,3,,
Reef,Ambient,High,2,ATRI,nat,NA,NA,1,,
Reef,Ambient,High,2,CHLU,nat,NA,NA,2,,
Reef,Ambient,High,2,ATRI,feed,2,plankton,1,,
Reef,Ambient,High,2,ATRI,feed,18,macroalgae,1,,
Reef,Ambient,High,2,CHLU,feed,46,coral,2,,
Reef,Ambient,High,2,CHLU,nat,NA,NA,2,,
Reef,Ambient,High,2,CHLU,feed,42,coral,2,,
Reef,Ambient,High,2,BUND,nat,NA,NA,1,,
Reef,Ambient,High,2,BUND,feed,1,macroalgae,1,,
Reef,Ambient,High,2,CEPH,nat,NA,NA,1,,
Reef,Ambient,High,2,DARU,nat,NA,NA,3,,
Reef,Ambient,High,2,DARU,feed,87,plankton,3,,
Reef,Ambient,High,2,DARU,feed,80,plankton,3,,
Reef,Ambient,High,2,DARU,nat,NA,NA,3,,
Reef,Ambient,High,2,DARU,nat,NA,NA,3,,
Reef,Ambient,High,2,DARU,feed,72,plankton,3,,
Reef,Ambient,High,2,CCHL,nat,NA,NA,1,,
Reef,Ambient,High,2,CCHL,feed,9,macroalgae,1,,
Reef,Ambient,High,2,THAR,nat,NA,NA,4,,
Reef,Ambient,High,2,THAR,nat,NA,NA,4,,
Reef,Ambient,High,2,THAR,nat,NA,NA,4,,
Reef,Ambient,High,2,THAR,nat,NA,NA,4,,
Reef,Ambient,High,2,THAR,feed,7,plankton,4,,
Reef,Ambient,High,2,THAR,feed,7,plankton,4,,
Reef,Ambient,High,2,THAR,feed,4,plankton,4,,
Reef,Ambient,High,2,THAR,feed,9,plankton,4,,
Reef,Ambient,High,2,GVAR,nat,NA,NA,1,,
Reef,Ambient,High,2,GVAR,feed,1,turf,1,,
Reef,Ambient,High,2,SNIG,nat,NA,NA,4,,
Reef,Ambient,High,2,SNIG,feed,69,turf,4,,
Reef,Ambient,High,2,SNIG,feed,9,macroalgae,4,,
Reef,Ambient,High,2,SNIG,feed,8,plankton,4,,
Reef,Ambient,High,2,SNIG,nat,NA,NA,4,,
Reef,Ambient,High,2,SNIG,nat,NA,NA,4,,
Reef,Ambient,High,2,SNIG,nat,NA,NA,4,,
Reef,Ambient,High,2,SNIG,feed,50,turf,4,,
Reef,Ambient,High,2,SNIG,feed,43,turf,4,,
Reef,Ambient,High,2,SNIG,feed,73,turf,4,,
Reef,Ambient,High,2,SNIG,feed,15,macroalgae,4,,
Reef,Ambient,High,2,SNIG,feed,12,plankton,4,,
Reef,Ambient,Low,2,GVAR,nat,NA,NA,1,,
Reef,Ambient,Low,2,GVAR,feed,1,plankton,1,,
Reef,Ambient,Low,2,CCIT,nat,NA,NA,2,,
Reef,Ambient,Low,2,CCIT,nat,NA,NA,2,,
Reef,Ambient,Low,2,ATRI,nat,NA,NA,1,,
Reef,Ambient,Low,2,CCIT,feed,50,coral,2,,
Reef,Ambient,Low,2,CCIT,feed,45,coral,2,,
Reef,Ambient,Low,2,BUND,nat,NA,NA,1,,
Reef,Ambient,Low,2,CSPI,nat,NA,NA,1,,
Reef,Ambient,Low,2,THAR,nat,NA,NA,1,,
Reef,Ambient,Low,2,THAR,feed,7,plankton,1,,
Reef,Ambient,Low,2,THAR,feed,2,macroalgae,1,,
Reef,Ambient,Low,2,DARU,nat,NA,NA,3,,
Reef,Ambient,Low,2,DARU,nat,NA,NA,3,,
Reef,Ambient,Low,2,DARU,nat,NA,NA,3,,
Reef,Ambient,Low,2,DARU,feed,65,plankton,3,,
Reef,Ambient,Low,2,DARU,feed,59,plankton,3,,
Reef,Ambient,Low,2,DARU,feed,67,plankton,3,,
Reef,Ambient,Low,2,SNIG,nat,NA,NA,3,,
Reef,Ambient,Low,2,SNIG,nat,NA,NA,3,,
Reef,Ambient,Low,2,SNIG,nat,NA,NA,3,,
Reef,Ambient,Low,2,SNIG,feed,10,plankton,3,,
Reef,Ambient,Low,2,SNIG,feed,47,turf,3,,
Reef,Ambient,Low,2,SNIG,feed,50,turf,3,,
Reef,Ambient,Low,2,SNIG,feed,46,turf,3,,
Reef,Ambient,Low,2,SNIG,feed,4,macroalgae,3,,
Sand,SGD,High,2,CVAG,nat,NA,NA,2,,
Sand,SGD,High,2,CVAG,nat,NA,NA,2,,
Sand,SGD,High,2,CVAG,feed,20,Sand,2,,
Sand,SGD,High,2,CVAG,feed,20,Sand,2,,
Sand,SGD,High,2,LMON,nat,NA,NA,1,,
Sand,SGD,High,2,MFLA,nat,NA,NA,8,,
Sand,SGD,High,2,MFLA,feed,2,Sand,8,,
Sand,SGD,High,2,ASOR,nat,NA,NA,1,,
Sand,SGD,High,2,ASOR,feed,1,plankton,1,,
Sand,SGD,High,2,ATRI,nat,NA,NA,1,,
Sand,SGD,High,2,ATRI,feed,3,macroalgae,1,,
Sand,SGD,High,2,CAUR,nat,NA,NA,1,,
Sand,SGD,High,2,HFAI,nat,NA,NA,2,,
Sand,SGD,High,2,CAME,nat,NA,NA,1,,
Sand,SGD,High,2,GANJ,nat,NA,NA,1,,
Sand,SGD,High,2,GANJ,feed,69,Sand,1,,
Sand,SGD,High,2,MVAN,nat,NA,NA,1,,
Sand,SGD,High,2,MFLA,nat,NA,NA,7,,
Sand,SGD,High,2,MFLA,feed,5,Sand,7,,
Sand,SGD,High,2,MFLA,feed,2,Sand,7,,
Sand,SGD,High,2,HFAI,nat,NA,NA,2,,
Sand,SGD,High,2,MFLA,feed,7,Sand,7,,
Sand,SGD,High,2,MFLA,feed,6,Sand,7,,
Sand,SGD,High,2,MFLA,feed,7,Sand,7,,
Sand,SGD,High,2,MFLA,nat,NA,NA,7,,
Sand,SGD,High,2,MFLA,nat,NA,NA,7,,
Sand,SGD,High,2,MFLA,nat,NA,NA,7,,
Sand,SGD,High,2,MFLA,nat,NA,NA,7,,
Sand,SGD,High,2,MFLA,nat,NA,NA,7,,
Sand,SGD,High,2,RACU,nat,NA,NA,1,,
Sand,SGD,Low,2,CMEL,nat,NA,NA,2,,
Sand,SGD,Low,2,CMEL,nat,NA,NA,2,,
Sand,SGD,Low,2,CMEL,feed,5,plankton,2,,
Sand,SGD,Low,2,CMEL,feed,12,plankton,2,,
Sand,SGD,Low,2,CMEL,nat,NA,NA,2,,
Sand,SGD,Low,2,MFLA,nat,NA,NA,9,,
Sand,SGD,Low,2,MFLA,nat,NA,NA,9,,
Sand,SGD,Low,2,MFLA,nat,NA,NA,9,,
Sand,SGD,Low,2,MFLA,nat,NA,NA,9,,
Sand,SGD,Low,2,MFLA,nat,NA,NA,9,,
Sand,SGD,Low,2,MFLA,nat,NA,NA,9,,
Sand,SGD,Low,2,MFLA,nat,NA,NA,9,,
Sand,SGD,Low,2,MFLA,nat,NA,NA,9,,
Sand,SGD,Low,2,MFLA,feed,19,Sand,9,,
Sand,SGD,Low,2,MFLA,feed,19,Sand,9,,
Sand,SGD,Low,2,MFLA,feed,19,Sand,9,,
Sand,SGD,Low,2,MFLA,feed,19,Sand,9,,
Sand,SGD,Low,2,MFLA,feed,19,Sand,9,,
Sand,SGD,Low,2,MFLA,feed,19,Sand,9,,
Sand,SGD,Low,2,MFLA,feed,19,Sand,9,,
Sand,SGD,Low,2,MFLA,feed,19,Sand,9,,
Sand,SGD,Low,2,MFLA,nat,NA,NA,9,,
Sand,SGD,Low,2,MVAN,nat,NA,NA,2,,
Sand,SGD,Low,2,MVAN,nat,NA,NA,2,,
Sand,SGD,Low,2,MFLA,feed,11,plankton,9,,
Sand,SGD,Low,2,MFLA,feed,11,plankton,9,,
Sand,SGD,Low,2,MFLA,feed,11,plankton,9,,
Sand,SGD,Low,2,MFLA,feed,11,plankton,9,,
Sand,SGD,Low,2,MFLA,feed,11,plankton,9,,
Sand,SGD,Low,2,MFLA,feed,11,plankton,9,,
Sand,SGD,Low,2,MFLA,feed,11,plankton,9,,
Sand,SGD,Low,2,MFLA,feed,11,plankton,9,,
Sand,SGD,Low,2,MFLA,feed,11,plankton,9,,
Sand,SGD,Low,2,MVAN,feed,10,plankton,2,,
Sand,SGD,Low,2,MVAN,feed,10,plankton,2,,
Sand,SGD,Low,2,MFLA,feed,6,plankton,9,,
Sand,SGD,Low,2,THAR,nat,NA,NA,1,,
Sand,SGD,Low,2,THAR,feed,6,plankton,1,,
Sand,SGD,Low,2,HTRI,nat,NA,NA,3,,
Sand,SGD,Low,2,HTRI,feed,12,plankton,3,,
Sand,SGD,Low,2,HTRI,nat,NA,NA,3,,
Sand,SGD,Low,2,HTRI,nat,NA,NA,3,,
Sand,SGD,Low,2,HTRI,feed,12,plankton,3,,
Sand,SGD,Low,2,HTRI,feed,5,Sand,3,,
Sand,SGD,Low,2,HTRI,feed,6,Sand,3,,
Sand,SGD,Low,2,HTRI,feed,6,Sand,3,,
Sand,SGD,Low,2,HTRI,feed,2,macroalgae,3,,
Sand,SGD,Low,2,HTRI,feed,10,plankton,3,,
Sand,SGD,Low,2,SBAN,nat,NA,NA,1,,
Sand,SGD,Low,2,SBAN,feed,18,Sand,1,,
Sand,SGD,Low,2,SBAN,feed,37,plankton,1,,
Sand,SGD,Low,2,SBAN,feed,2,macroalgae,1,,
Sand,SGD,Low,2,ASOR,nat,NA,NA,4,,
Sand,SGD,Low,2,ASOR,nat,NA,NA,4,,
Sand,SGD,Low,2,ASOR,nat,NA,NA,4,,
Sand,SGD,Low,2,ASOR,nat,NA,NA,4,,
Sand,SGD,Low,2,ASOR ,feed,54,plankton,4,,
Sand,SGD,Low,2,ASOR,feed,53,plankton,4,,
Sand,SGD,Low,2,ASOR,feed,21,Sand,4,,
Sand,SGD,Low,2,ASOR,feed,62,plankton,4,,
Sand,SGD,Low,2,ASOR,feed,18,Sand,4,,
Sand,SGD,Low,2,ASOR,feed,18,Sand,4,,
Sand,SGD,Low,2,ASOR,feed,49,plankton,4,,
Sand,SGD,Low,2,CCRE,nat,NA,NA,19,,
Sand,SGD,Low,2,CCRE,nat,NA,NA,19,,
Sand,SGD,Low,2,CCRE,nat,NA,NA,19,,
Sand,SGD,Low,2,CCRE,nat,NA,NA,19,,
Sand,SGD,Low,2,CCRE,nat,NA,NA,19,,
Sand,SGD,Low,2,CCRE,nat,NA,NA,19,,
Sand,SGD,Low,2,CCRE,nat,NA,NA,19,,
Sand,SGD,Low,2,CCRE,nat,NA,NA,19,,
Sand,SGD,Low,2,CCRE,nat,NA,NA,19,,
Sand,SGD,Low,2,CCRE,nat,NA,NA,19,,
Sand,SGD,Low,2,CCRE,nat,NA,NA,19,,
Sand,SGD,Low,2,CCRE,nat,NA,NA,19,,
Sand,SGD,Low,2,CCRE,nat,NA,NA,19,,
Sand,SGD,Low,2,CCRE,nat,NA,NA,19,,
Sand,SGD,Low,2,CCRE,nat,NA,NA,19,,
Sand,SGD,Low,2,CCRE,nat,NA,NA,19,,
Sand,SGD,Low,2,CCRE,nat,NA,NA,19,,
Sand,SGD,Low,2,CCRE,nat,NA,NA,19,,
Sand,SGD,Low,2,CCRE,nat,NA,NA,19,,
Sand,SGD,Low,2,CCRE,feed,2,Sand,19,,
Sand,SGD,Low,2,CCRE,feed,4,plankton,19,,
Sand,SGD,Low,2,CCRE,feed,2,Sand,19,,
Sand,SGD,Low,2,CCRE,feed,4,plankton,19,,
Sand,SGD,Low,2,CCRE,feed,2,Sand,19,,
Sand,SGD,Low,2,CCRE,feed,4,plankton,19,,
Sand,SGD,Low,2,CCRE,feed,2,Sand,19,,
Sand,SGD,Low,2,CCRE,feed,4,plankton,19,,
Sand,SGD,Low,2,CCRE,feed,2,Sand,19,,
Sand,SGD,Low,2,CCRE,feed,4,plankton,19,,
Sand,SGD,Low,2,CCRE,feed,2,Sand,19,,
Sand,SGD,Low,2,CCRE,feed,4,plankton,19,,
Sand,SGD,Low,2,CCRE,feed,2,Sand,19,,
Sand,SGD,Low,2,CCRE,feed,4,plankton,19,,
Sand,SGD,Low,2,CCRE,feed,2,Sand,19,,
Sand,SGD,Low,2,CCRE,feed,4,plankton,19,,
Sand,SGD,Low,2,CCRE,feed,2,Sand,19,,
Sand,SGD,Low,2,CCRE,feed,4,plankton,19,,
Sand,SGD,Low,2,CCRE,feed,2,Sand,19,,
Sand,SGD,Low,2,CCRE,feed,4,plankton,19,,
Sand,SGD,Low,2,CCRE,feed,2,Sand,19,,
Sand,SGD,Low,2,CCRE,feed,4,plankton,19,,
Sand,SGD,Low,2,CCRE,feed,2,Sand,19,,
Sand,SGD,Low,2,CCRE,feed,4,plankton,19,,
Sand,SGD,Low,2,CCRE,feed,2,Sand,19,,
Sand,SGD,Low,2,CCRE,feed,4,plankton,19,,
Sand,SGD,Low,2,CCRE,feed,2,Sand,19,,
Sand,SGD,Low,2,CCRE,feed,4,plankton,19,,
Sand,SGD,Low,2,CCRE,feed,2,Sand,19,,
Sand,SGD,Low,2,CCRE,feed,4,plankton,19,,
Sand,SGD,Low,2,CCRE,feed,2,Sand,19,,
Sand,SGD,Low,2,CCRE,feed,4,plankton,19,,
Sand,SGD,Low,2,CCRE,feed,2,Sand,19,,
Sand,SGD,Low,2,CCRE,feed,4,plankton,19,,
Sand,SGD,Low,2,CCRE,feed,2,Sand,19,,
Sand,SGD,Low,2,CCRE,feed,4,plankton,19,,
Sand,SGD,Low,2,CCRE,feed,2,Sand,19,,
Sand,SGD,Low,2,CCRE,feed,4,plankton,19,,
Sand,SGD,Low,2,EVAI,nat,NA,NA,1,,
Sand,SGD,Low,2,EVAI,feed,2,plankton,1,,
Sand,SGD,Low,2,HLON,nat,NA,NA,2,,
Sand,SGD,Low,2,HLON,feed,4,macroalgae,2,,
Sand,SGD,Low,2,HLON,feed,1,plankton,2,,
Sand,SGD,Low,2,HLON,feed,14,Sand,2,,
Sand,SGD,Low,2,HLON,nat,NA,NA,2,,
Sand,SGD,Low,2,HLON,feed,5,macroalgae,2,,
Sand,SGD,Low,2,HLON,feed,1,plankton,2,,
Sand,SGD,Low,2,HLON,feed,16,Sand,2,,
,,,,,, ,,,,